width_leaf,length_leaf,area,length_width_ratio,num_leaves_rachis,length_rachis,label
2,6.4,245,3.2,18,18.2,Senna siamea
2,6.4,251,3.2,18,14.1,Senna siamea
2.1,6,195,2.857142857,18,20.2,Senna siamea
2,5.6,182,2.8,16,19.2,Senna siamea
1.8,4.8,160,2.666666667,16,18.3,Senna siamea
1.7,4.3,138,2.529411765,20,15.6,Senna siamea
1.4,3.4,83,2.428571429,18,25.8,Senna siamea
1.1,2.3,45,2.090909091,18,20.9,Senna siamea
2,6.2,224,3.1,22,18.4,Senna siamea
2,6.4,242,3.2,16,24,Senna siamea
2,5.8,209,2.9,12,17.7,Senna siamea
2,5.6,200,2.8,18,18.8,Senna siamea
1.9,5.2,180,2.736842105,16,23.5,Senna siamea
1.6,4.4,135,2.75,18,24.4,Senna siamea
1.4,3.4,81,2.428571429,16,23,Senna siamea
1.3,2.5,56,1.923076923,14,21.6,Senna siamea
1.9,6.1,215,3.210526316,18,19.7,Senna siamea
1.9,6.2,210,3.263157895,20,24.9,Senna siamea
1.2,3.4,80,2.833333333,14,16.2,Senna siamea
1.3,3.7,103,2.846153846,18,13,Senna siamea
1.5,4.3,117,2.866666667,20,31,Senna siamea
1.6,4.9,153,3.0625,20,26.9,Senna siamea
1.8,5.3,181,2.944444444,22,30.4,Senna siamea
1.85,5.7,174,3.081081081,18,23.7,Senna siamea
1.8,5.5,164,3.055555556,24,30.4,Senna siamea
2,4.1,143,2.05,18,23.7,Senna siamea
2.2,6.3,209,2.863636364,24,30.4,Senna siamea
2.3,6.4,260,2.782608696,18,26,Senna siamea
1.6,5.1,149,3.1875,20,27.6,Senna siamea
1.8,5.1,150,2.833333333,22,28.5,Senna siamea
1.6,5,191,3.125,24,31.9,Senna siamea
1.5,4.4,153,2.933333333,22,28,Senna siamea
1.3,3.8,86,2.923076923,18,23.7,Senna siamea
1.2,3.5,74,2.916666667,15,20.1,Senna siamea
1.9,4.2,143,2.210526316,19,30,Senna siamea
1.4,4,83,2.857142857,30,19,Cassia roxburghii
1,3.2,66,3.2,28,20,Cassia roxburghii
1.4,3.2,81,2.285714286,28,20,Cassia roxburghii
1.1,3.5,80,3.181818182,22,17,Cassia roxburghii
1.3,3.5,83,2.692307692,28,18.7,Cassia roxburghii
1.1,3.5,79,3.181818182,28,20,Cassia roxburghii
1.2,3.5,80,2.916666667,30,20,Cassia roxburghii
1.2,3.6,76,3,28,20.2,Cassia roxburghii
1.1,3.4,70,3.090909091,26,20.2,Cassia roxburghii
1,3.2,61,3.2,30,21.2,Cassia roxburghii
1.5,3.2,91,2.133333333,30,19.6,Cassia roxburghii
1.6,2.9,77,1.8125,24,16.6,Cassia roxburghii
1.1,3.3,71,3,26,20.2,Cassia roxburghii
1.1,3.4,73,3.090909091,32,23.2,Cassia roxburghii
1,2.8,54,2.8,32,22.2,Cassia roxburghii
1.3,3.5,90,2.692307692,30,20.5,Cassia roxburghii
1,3,59,3,28,18.2,Cassia roxburghii
1.2,3.7,88,3.083333333,26,18.5,Cassia roxburghii
1,3.1,58,3.1,22,17.4,Cassia roxburghii
1.2,3.5,84,2.916666667,28,16.4,Cassia roxburghii
1.4,3.5,91,2.5,26,15.8,Cassia roxburghii
1.3,3.5,88,2.692307692,26,17.5,Cassia roxburghii
1,3,54,3,30,19,Cassia roxburghii
1,3.2,59,3.2,26,15.8,Cassia roxburghii
1,3.2,62,3.2,26,19,Cassia roxburghii
1,3.3,63,3.3,30,19.1,Cassia roxburghii
1.5,3.5,64,2.333333333,28,16.6,Cassia roxburghii
1.2,3.4,98,2.833333333,30,18.5,Cassia roxburghii
1.3,3.5,79,2.692307692,30,18.5,Cassia roxburghii
1.1,3.5,79,3.181818182,30,19.4,Cassia roxburghii
1.1,3.3,72,3,30,21.1,Cassia roxburghii
1,3.3,79,3.3,30,20.3,Cassia roxburghii
1.4,3.2,81,2.285714286,30,17,Cassia roxburghii
1.4,2.6,54,1.857142857,30,19.5,Cassia roxburghii
1.5,3,83,2,30,20.7,Cassia roxburghii
1.3,3.2,78,2.461538462,18,11.2,Chloroxylon swietenia
1.3,3.1,75,2.384615385,19,13.1,Chloroxylon swietenia
1.3,3,63,2.307692308,17,12.4,Chloroxylon swietenia
1.2,2.8,61,2.333333333,16,14,Chloroxylon swietenia
1,2.3,43,2.3,14,13.8,Chloroxylon swietenia
1.5,3.2,72,2.133333333,14,12,Chloroxylon swietenia
1.4,3.2,86,2.285714286,16,10.2,Chloroxylon swietenia
1.5,3.3,88,2.2,19,13,Chloroxylon swietenia
1.5,3.2,86,2.133333333,15,12,Chloroxylon swietenia
1.4,3.3,79,2.357142857,18,16,Chloroxylon swietenia
1.5,3.3,86,2.2,20,16,Chloroxylon swietenia
1.5,3.3,84,2.2,14,8.5,Chloroxylon swietenia
1.4,3.1,81,2.214285714,18,14.5,Chloroxylon swietenia
1.5,3.3,87,2.2,20,13.5,Chloroxylon swietenia
1.4,3.2,87,2.285714286,18,16,Chloroxylon swietenia
1.3,3.1,88,2.384615385,19,17,Chloroxylon swietenia
1.4,3.2,83,2.285714286,19,14.5,Chloroxylon swietenia
1.4,3.1,82,2.214285714,15,11.8,Chloroxylon swietenia
1.4,3.3,82,2.357142857,16,13.5,Chloroxylon swietenia
1.3,3.1,81,2.384615385,19,13.3,Chloroxylon swietenia
1.3,3.2,75,2.461538462,18,14.4,Chloroxylon swietenia
1.1,2,37,1.818181818,17,13.2,Chloroxylon swietenia
1.2,3,65,2.5,19,14.6,Chloroxylon swietenia
1.1,2.9,62,2.636363636,17,13.4,Chloroxylon swietenia
1.2,3,60,2.5,20,14.2,Chloroxylon swietenia
1.1,2.9,53,2.636363636,18,13.9,Chloroxylon swietenia
1.1,2.8,5,2.545454545,18,13.8,Chloroxylon swietenia
1,2.6,57,2.6,18,16.5,Chloroxylon swietenia
1,2.5,42,2.5,20,14.9,Chloroxylon swietenia
1,2.5,40,2.5,21,18.8,Chloroxylon swietenia
1.1,2.6,46,2.363636364,18,14.1,Chloroxylon swietenia
1,2.6,45,2.6,19,14.6,Chloroxylon swietenia
1,2.8,49,2.8,18,14.8,Chloroxylon swietenia
1.1,3,54,2.727272727,16,14.1,Chloroxylon swietenia
1.2,2.8,58,2.333333333,17,16,Chloroxylon swietenia